84,ABS-001 01
11,ACC-003 01
15,ACC-006 01
13,ACC-006 02
12,ACC-004 01
19,TUT-001 02
18,TUT-001 01
10,ACC-001 01
16,ACC-002 01
20,TUT-002 01
90,TUT-003 01
50,ACC-007 01
17,ACC-005 01
101,ACC-005 02
85,AGIL-001 01
25,BSP-001 01
72,BALANCE-001 01
42,BAN-001-FF
35,BAN-002-FF
36,BAN-003-FF
37,BAN-004-FF
38,BAN-005-FF
39,BAN-006-FF
59,BAN-007-FF
60,BAN-008-FF
1,BAN-001 01
2,BAN-002 01
3,BAN-003 01
4,BAN-004 01
5,BAN-005 01
6,BAN-006 01
7,BAN-008 01
8,BAN-009 01
9,BAN-010 01
86,BAN-001 12
47,BAN-002 12
87,BAN-003 12
88,BAN-004 12
49,BAN-005 12
89,BAN-006 12
21,BR-112-30-001 01
22,BR-112-50-001 01
23,BR-2-30-001 01
24,BR-2-50-001 01
81,FR-001 01
82,FR-002 01
80,YOGA-001 01
27,RINGP-001 01
26,ROPETS-001 01
41,PUB-D2-001 01
40,PUB-D1-001 01
83,PUG-001 01
56,SB-10-001 01
28,SB-15-001 01
29,SB-20-001 01
30,SB-25-001 01
31,SB-30-001 01
57,SB-35-001 01
32,WB-10-001 01
51,WB-12-001 01
33,WB-14-001 01
52,WB-16-001 01
53,WB-18-001 01
34,WB-20-001 01
54,WB-25-001 01
55,WB-30-001 01
